date,Previous Day Activity Score,Average MET,REM Sleep Duration,Total Bedtime ,Awake Time,Restless Sleep,Training Frequency Score,Equivalent Walking Distance,REM Sleep Score,Temperature Trend Deviation,Bedtime Start,Stay Active Score,Rest Time,Medium Activity Time,Average HRV,Meet Daily Targets Score,Sleep Latency Score,Non-wear Time,Steps,High Activity Time,Average Resting Heart Rate,Restfulness Score,Total Burn,Previous Night Score,Activity Burn,Lowest Resting Heart Rate,HRV Balance Score,Long Periods of Inactivity,Sleep Score,Total Sleep Duration,Training Volume Score,Move Every Hour Score,Sleep Efficiency Score,Inactive Time,Sleep Balance Score,Total Sleep Score,Temperature Score,Sleep Efficiency,Sleep Timin Score,Deep Sleep Score,Bedtime End,Sleep Timing,Temperature Deviation (°C),Readiness Score,Respiratory Rate,Low Activity Time,Deep Sleep Duration,Recovery Index Score,Activity Score,Light Sleep Duration,Sleep Latency,Resting Heart Rate Score,Activity Balance Score
2026-05-27,100,1.28125,7620,35673,4293,215,100,2388,97,None,2026-05-27T00:42:29.000-07:00,75,32520,600,30,78,81,9420,2242,0,74.25,78,1874,75,137,67,None,0,82,31380,97,100,90,33600,None,96,83,88,26,73,2026-05-27T10:37:02.000-07:00,17070,0.44,85,17.375,10260,4290,91,90,19470,480,77,91
2026-05-28,87,1.25,7050,29971,1831,175,96,2471,96,0.14,2026-05-28T02:02:02.000-07:00,81,39540,480,34,60,86,6720,3083,0,72.63,85,1838,76,124,66,None,1,79,28140,95,95,99,30840,None,84,97,94,17,69,2026-05-28T10:21:33.000-07:00,15000,0.15,86,17.0,8820,4080,100,85,17010,600,83,89
2026-05-29,88,1.28125,4260,24208,2518,123,71,3017,79,0.15,2026-05-29T01:37:29.000-07:00,90,25620,660,33,43,78,23340,3554,60,71.93,70,1880,78,156,62,None,1,78,21690,74,95,79,26460,None,86,100,90,33,96,2026-05-29T08:20:57.000-07:00,12510,0.08,89,17.5,10260,3960,100,77,13470,1380,93,92
2026-05-30,81,1.3125,7200,29785,1765,214,71,3496,96,0.25,2026-05-30T01:25:32.000-07:00,100,26580,1440,28,43,78,32340,2461,0,73.66,79,1898,79,186,62,None,0,76,28020,65,100,99,17580,100,83,94,94,23,52,2026-05-30T09:41:57.000-07:00,15150,0.16,89,17.375,8460,3120,100,77,17700,420,86,88
2026-05-31,83,1.21875,6660,29770,3490,172,40,1747,92,0.01,2026-05-31T02:13:00.000-07:00,100,27720,420,36,25,67,34620,2190,0,71.29,87,1781,76,94,63,None,1,74,26280,48,95,90,17160,91,77,100,88,17,71,2026-05-31T10:29:10.000-07:00,14220,-0.13,81,17.625,6480,4170,47,67,15450,180,91,87
2026-06-01,83,1.21875,6390,30927,4257,154,1,3500,89,0.12,2026-06-01T02:50:32.000-07:00,100,34500,2220,36,1,67,36960,4219,0,74.79,88,1795,73,160,67,None,0,72,26670,55,100,86,9360,93,78,100,86,9,59,2026-06-01T11:25:59.000-07:00,14880,0.18,77,17.375,3360,3510,44,58,16770,180,65,90
2026-06-02,None,1.1875,8340,32464,2764,201,1,1535,98,0.03,2026-06-02T02:47:59.000-07:00,100,36000,300,30,1,83,27900,774,180,72.44,79,1755,85,90,62,78,0,80,29700,55,100,96,17520,95,90,100,91,5,85,2026-06-02T11:49:03.000-07:00,16500,-0.01,84,17.0,4500,4980,52,58,16380,1260,100,80
2026-06-03,82,1.25,8040,31436,3416,194,1,2520,98,-0.01,2026-06-03T01:48:30.000-07:00,97,32460,360,33,1,70,21060,2971,0,71.38,78,1850,80,137,64,84,0,77,28020,48,100,93,21600,90,83,100,89,19,84,2026-06-03T10:32:26.000-07:00,14940,-0.04,86,17.125,10920,4920,100,57,15060,240,85,87
2026-06-04,85,1.25,6840,30129,1989,228,1,1440,95,-0.01,2026-06-04T01:18:59.000-07:00,99,25080,120,29,1,81,34260,2034,0,70.14,85,1798,80,89,63,79,0,77,28140,40,100,98,18840,92,84,97,93,25,49,2026-06-04T09:41:08.000-07:00,15030,-0.24,83,17.375,8100,2940,66,56,18360,510,92,81
2026-06-05,83,1.28125,4830,20018,1568,70,1,1747,67,-0.12,2026-06-05T02:27:27.000-07:00,92,23400,180,25,1,86,28500,1180,0,71.28,83,1836,60,106,61,78,1,66,18450,32,95,97,25380,80,46,95,92,31,95,2026-06-05T08:01:05.000-07:00,10170,-0.29,78,16.625,8940,5700,64,53,7920,600,91,82
2026-06-06,80,1.25,5280,32842,2602,225,1,2297,73,-0.07,2026-06-06T01:27:59.000-07:00,100,23700,420,32,1,99,36780,3705,0,69.33,83,1828,90,118,63,85,0,83,30240,27,100,97,17700,97,92,100,92,19,95,2026-06-06T10:35:21.000-07:00,16260,-0.1,89,16.25,7800,5730,100,54,19230,900,91,83
2026-06-08,None,1.15625,1770,38960,10370,144,1,1502,23,-0.13,2026-06-08T01:28:57.000-07:00,100,37740,180,35,1,78,35400,2411,0,67.49,79,1706,60,74,62,83,0,67,28590,13,100,55,6420,86,86,100,73,16,80,2026-06-08T12:18:17.000-07:00,17430,-0.07,85,15.625,6660,4710,100,52,22110,420,100,84
2026-06-09,None,1.28125,6840,37561,2131,223,1,4678,95,0.0,2026-06-09T00:13:31.000-07:00,99,35220,2460,28,1,81,22560,6816,60,67.83,86,1884,94,208,62,74,1,85,35430,37,95,99,19440,93,100,100,94,26,72,2026-06-09T10:39:32.000-07:00,18780,0.03,89,15.875,6660,4230,100,55,24360,480,99,78
2026-06-10,80,1.15625,3600,29446,2356,153,1,688,49,-0.02,2026-06-10T00:50:59.000-07:00,100,28740,180,21,1,89,37020,620,0,71.44,76,1705,76,41,64,72,0,76,27090,35,100,97,17340,83,80,100,92,41,89,2026-06-10T09:01:45.000-07:00,14730,-0.07,80,16.25,3120,5190,100,55,18300,660,79,74
2026-06-11,82,1.15625,5940,32685,4245,117,1,605,82,0.14,2026-06-11T00:39:32.000-07:00,100,28440,0,18,1,89,37860,591,0,74.2,77,1699,77,40,66,74,0,76,28440,31,100,88,16560,96,85,76,87,30,56,2026-06-11T09:44:17.000-07:00,16770,0.35,81,16.375,3540,3330,100,55,19170,660,60,84
2026-06-12,82,1.5,4650,30415,2095,165,40,9189,64,0.01,2026-06-12T01:42:02.000-07:00,100,22080,5400,26,25,81,33900,8691,0,70.77,86,2158,77,425,66,76,0,76,28320,81,100,98,15660,94,85,100,93,20,72,2026-06-12T10:08:57.000-07:00,15120,-0.03,80,16.5,9360,4260,94,72,19410,510,61,79
2026-06-14,None,1.0625,6390,33298,2068,182,40,11,89,0.15,2026-06-14T01:35:59.000-07:00,100,40080,0,25,25,83,44280,68,0,70.27,74,1586,94,2,63,72,0,85,31230,61,100,97,1800,100,100,100,94,17,95,2026-06-14T10:50:57.000-07:00,16800,0.02,91,16.75,240,4020,100,69,20820,540,100,84
2026-06-15,None,1.15625,2670,31271,3041,189,40,966,36,0.13,2026-06-15T00:53:59.000-07:00,98,34860,120,26,25,59,26460,877,0,69.3,85,1724,70,57,64,62,0,72,28230,50,100,95,20640,94,84,84,90,29,82,2026-06-15T09:35:10.000-07:00,16020,0.25,79,16.625,4320,4860,100,67,20700,1800,83,66
2026-06-16,83,1.21875,6690,34332,3222,237,40,1904,93,0.1,2026-06-16T01:25:30.000-07:00,100,36120,120,30,25,97,22680,2432,0,70.07,82,1787,98,105,60,71,0,87,31110,38,100,93,18000,100,100,97,91,16,96,2026-06-16T10:57:42.000-07:00,17310,0.1,90,16.25,9480,4680,100,66,19740,840,100,72
2026-06-17,87,1.21875,4470,34708,3448,179,40,2582,62,0.11,2026-06-17T00:56:58.000-07:00,92,34380,1260,28,25,94,19080,3769,0,69.99,77,1802,85,126,65,63,1,80,31260,36,95,95,25380,99,96,100,90,20,81,2026-06-17T10:35:26.000-07:00,17760,0.11,78,16.25,6300,4770,57,64,22020,780,71,73
2026-06-18,81,1.21875,5730,33800,2450,201,40,2606,80,0.12,2026-06-18T00:58:30.000-07:00,100,31740,780,28,25,83,31500,3804,0,68.6,89,1798,93,126,58,68,0,84,31350,34,100,98,14700,100,96,100,93,21,89,2026-06-18T10:21:50.000-07:00,17490,-0.04,87,16.625,7680,5190,100,65,20430,1260,87,76
2026-06-19,84,1.09375,4530,32507,3977,225,1,0,63,0.09,2026-06-19T01:13:59.000-07:00,100,30540,0,34,1,91,53520,2,0,67.21,88,1602,81,0,61,76,0,78,28530,25,100,90,2340,100,86,100,88,19,81,2026-06-19T10:15:46.000-07:00,17070,0.04,89,16.5,0,4800,100,54,19200,1080,100,77
2026-06-20,None,1.3125,3660,32070,2580,169,40,5223,50,0.09,2026-06-20T01:38:00.000-07:00,100,34740,2400,23,1,72,26040,4907,0,71.39,81,1921,77,249,64,66,0,76,29490,51,100,97,17160,100,89,100,92,19,88,2026-06-20T10:32:30.000-07:00,15660,0.09,76,16.75,6060,5160,32,62,20670,330,79,79
2026-06-21,79,1.28125,5100,34099,2749,164,40,3485,70,-0.06,2026-06-21T00:39:09.000-07:00,93,31020,1620,26,1,91,20760,3776,180,70.5,76,1885,89,182,63,77,0,82,31350,62,100,97,24960,100,96,98,92,23,92,2026-06-21T10:07:28.000-07:00,17670,-0.2,84,16.625,7860,5370,100,62,20880,1050,69,70
2026-06-22,76,1.28125,2970,25247,3557,105,71,4825,40,0.0,2026-06-22T01:20:28.000-07:00,100,26520,2460,28,1,83,53040,3026,0,69.91,81,1860,58,229,62,75,0,67,21690,88,100,86,2880,90,59,100,86,43,91,2026-06-22T08:21:15.000-07:00,12690,-0.13,75,16.75,1500,5340,53,70,13380,1260,79,78
2026-06-23,None,1.09375,6360,33563,1763,229,71,4,88,0.03,2026-06-23T00:46:31.000-07:00,100,29160,0,27,1,75,55620,28,0,70.31,79,1606,93,1,62,73,0,84,31800,76,100,100,1500,100,97,100,95,25,95,2026-06-23T10:05:54.000-07:00,16950,0.06,87,17.25,120,5580,100,69,19860,390,89,63
2026-06-24,None,1.21875,4380,30338,2978,225,71,2100,60,-0.05,2026-06-24T01:56:00.000-07:00,100,32160,840,28,1,70,31860,2239,0,71.93,87,1767,68,101,64,76,0,72,27360,69,100,95,15480,88,81,97,90,18,62,2026-06-24T10:21:38.000-07:00,14940,0.1,79,17.375,6060,3660,100,67,19320,240,69,71
2026-06-25,83,1.21875,5610,33229,3349,219,96,4071,78,0.0,2026-06-25T01:01:32.000-07:00,100,31500,2220,28,1,83,50280,3626,0,71.42,68,1787,81,194,64,76,0,78,29880,85,100,95,2280,94,91,100,90,22,77,2026-06-25T10:15:21.000-07:00,16920,0.05,81,17.375,120,4530,74,72,19740,540,79,63
2026-06-26,None,1.15625,4980,30935,4415,149,96,1047,69,0.06,2026-06-26T00:56:56.000-07:00,100,31620,60,26,1,89,40140,1423,0,71.32,75,1671,70,48,65,75,0,73,26520,68,100,86,10440,88,78,100,86,29,70,2026-06-26T09:32:31.000-07:00,15780,-0.01,73,17.25,4140,4140,59,70,17400,1110,69,58
2026-06-27,None,1.21875,5400,32963,3623,245,71,1975,75,0.15,2026-06-27T00:24:26.000-07:00,100,30900,360,32,1,89,37200,3313,0,70.05,68,1760,83,105,62,82,0,79,29340,54,100,93,10080,92,89,88,89,36,82,2026-06-27T09:33:49.000-07:00,16920,0.21,82,17.0,7860,4830,45,65,19110,1140,99,70
2026-06-28,86,1.59375,6840,35018,2318,293,96,14289,95,0.07,2026-06-28T00:44:53.000-07:00,100,32940,7380,28,25,78,35040,9127,0,70.11,76,2335,98,686,64,76,0,86,32700,97,100,98,7680,93,100,99,93,23,96,2026-06-28T10:28:31.000-07:00,17610,0.08,84,17.125,3360,6150,77,80,19710,450,79,62
2026-06-29,64,1.1875,6360,28851,2061,275,71,1673,88,0.04,2026-06-29T01:10:57.000-07:00,100,28320,60,28,25,72,47880,1853,0,71.87,78,1702,63,77,63,81,0,70,26790,96,100,98,4320,86,79,100,93,30,19,2026-06-29T09:11:48.000-07:00,14850,-0.04,70,17.25,5820,1200,35,78,19230,1470,89,37
2026-06-30,None,1.25,4770,35487,6867,221,71,2432,66,0.11,2026-06-30T01:10:56.000-07:00,100,33720,420,29,25,75,25680,3269,60,71.12,78,1803,68,130,61,82,0,72,28620,96,100,74,16440,94,86,100,81,18,68,2026-06-30T11:02:23.000-07:00,17700,0.0,81,17.125,10080,3990,57,78,19860,390,100,70
2026-07-01,85,1.09375,6060,30962,2792,226,71,40,84,0.04,2026-07-01T01:14:29.000-07:00,100,31380,0,32,25,91,53220,13,0,67.56,78,1584,81,2,60,85,0,78,28170,90,100,96,1620,90,84,100,91,25,76,2026-07-01T09:50:31.000-07:00,15300,0.02,86,16.875,180,4470,100,77,17640,720,100,47
2026-07-02,None,1.09375,6780,37314,2664,282,40,29,94,-0.03,2026-07-02T00:52:57.000-07:00,100,32820,0,29,25,59,52440,37,0,68.32,82,1579,85,2,63,83,0,80,34650,65,100,98,1020,97,100,100,93,17,56,2026-07-02T11:14:51.000-07:00,19350,-0.11,83,17.0,120,3360,80,70,24510,1800,86,51
2026-07-03,None,1.09375,5040,29926,1936,238,40,0,69,-0.21,2026-07-03T02:04:32.000-07:00,100,33780,0,32,25,89,52080,6,0,67.36,87,1575,78,0,61,87,0,77,27990,41,100,99,540,88,83,85,94,16,72,2026-07-03T10:23:18.000-07:00,15060,-0.59,86,17.0,0,4260,100,66,18690,690,100,55
2026-07-04,None,1.1875,6630,30295,1435,206,40,2034,92,-0.04,2026-07-04T00:52:58.000-07:00,100,26640,360,29,25,81,49620,2349,0,67.2,88,1728,87,94,62,85,0,81,28860,28,100,100,3000,96,87,100,95,36,62,2026-07-04T09:17:53.000-07:00,15180,-0.12,83,16.75,6780,3630,59,64,18600,480,96,56
2026-07-05,None,1.21875,5370,30827,1907,235,1,1539,75,-0.3,2026-07-05T01:44:29.000-07:00,100,25140,120,25,1,86,47040,1110,0,68.41,85,1743,87,89,60,85,0,81,28920,8,100,99,5160,95,87,92,94,19,95,2026-07-05T10:18:16.000-07:00,15510,-0.38,81,16.125,8940,5610,31,51,17940,630,100,62
2026-07-06,None,1.21875,5940,28500,2010,225,1,2977,82,-0.33,2026-07-06T03:09:28.000-07:00,100,38640,240,22,1,94,27000,4369,0,69.68,83,1785,76,140,61,82,0,76,26490,10,100,98,9780,91,78,97,93,7,77,2026-07-06T11:04:28.000-07:00,14490,-0.23,87,16.75,10740,4530,97,51,16020,780,100,68
2026-07-07,89,1.09375,8010,35778,2208,229,1,0,98,-0.07,2026-07-07T00:15:57.000-07:00,100,30960,0,20,1,72,53040,7,0,74.25,77,1581,94,0,65,75,0,84,33570,7,100,99,2400,100,100,95,94,33,70,2026-07-07T10:12:15.000-07:00,17760,0.12,82,17.0,0,4110,70,51,21450,330,65,69
2026-07-08,None,1.15625,6630,32516,2666,219,1,1523,92,-0.12,2026-07-08T01:23:25.000-07:00,100,31980,180,27,1,99,43800,2706,0,70.26,77,1687,89,71,61,78,0,82,29850,8,100,97,5100,92,91,91,92,20,81,2026-07-08T10:25:21.000-07:00,16440,0.18,88,17.125,5340,4800,100,51,18420,900,100,71
2026-07-09,None,1.21875,3300,30473,3893,187,1,974,45,-0.07,2026-07-09T01:13:58.000-07:00,100,24120,180,24,1,97,47220,760,0,71.83,71,1733,61,70,65,64,0,70,26580,9,100,88,7800,93,78,100,87,27,61,2026-07-09T09:41:51.000-07:00,15030,-0.06,76,16.75,7080,3600,100,51,19680,840,66,70
2026-07-10,None,1.15625,4800,27506,2366,328,1,344,66,0.05,2026-07-10T02:52:30.000-07:00,100,27180,0,28,1,89,51660,835,0,68.38,66,1650,57,30,59,70,0,68,25140,7,100,96,3600,92,72,100,91,11,63,2026-07-10T10:30:56.000-07:00,14160,-0.12,81,16.75,3960,3720,91,51,16620,1140,95,75
2026-07-11,None,1.375,4410,26719,2749,222,40,6746,61,0.07,2026-07-11T02:51:00.000-07:00,100,31140,3060,27,1,99,25320,5933,120,70.08,79,2005,55,309,60,65,0,67,23970,42,100,95,14040,87,68,100,90,13,50,2026-07-11T10:16:19.000-07:00,13410,0.0,79,17.25,12720,3000,86,60,16560,900,100,77
2026-07-12,78,1.21875,6060,33667,3787,228,71,4512,84,-0.03,2026-07-12T01:30:26.000-07:00,100,41460,180,19,1,70,39960,36,1920,73.09,85,1798,80,225,67,57,0,78,29880,75,100,93,2580,90,91,100,89,18,67,2026-07-12T10:51:33.000-07:00,16710,-0.01,70,17.0,300,3960,56,68,19860,270,45,68
2026-07-13,None,1.5625,4350,30540,3090,205,96,11770,61,-0.05,2026-07-12T23:18:29.000-07:00,78,24060,5640,24,25,72,10380,13853,60,71.81,91,2254,87,501,67,68,0,81,27450,96,100,95,32040,81,82,100,90,89,68,2026-07-13T07:47:29.000-07:00,14550,-0.07,74,17.125,14220,4020,86,76,19080,300,46,73
2026-07-14,62,1.09375,5610,34561,3241,243,96,81,79,0.09,2026-07-14T01:11:59.000-07:00,100,30600,0,26,25,94,54300,87,0,70.48,77,1586,87,4,58,62,0,81,31320,95,100,96,1140,88,96,89,91,19,70,2026-07-14T10:48:00.000-07:00,17400,0.2,79,17.125,360,4080,100,77,21630,780,89,57
2026-07-15,None,1.09375,5250,28993,2563,168,96,0,74,0.01,2026-07-15T02:06:30.000-07:00,100,27840,0,28,25,81,56700,3,0,69.71,87,1584,78,0,62,63,0,77,26430,89,100,96,1860,80,78,100,91,18,96,2026-07-15T10:09:43.000-07:00,14370,0.03,77,17.25,0,5970,98,79,15210,510,76,69
2026-07-16,None,1.28125,5730,28766,2696,245,100,4813,80,0.04,2026-07-16T02:21:58.000-07:00,100,29100,2340,25,25,72,46860,2889,0,71.57,84,1848,70,226,61,60,0,74,26070,95,100,96,3360,84,76,100,91,17,88,2026-07-16T10:21:24.000-07:00,13950,0.03,74,17.5,4740,5100,96,81,15240,300,76,50
2026-07-17,None,1.1875,4830,29639,2429,221,100,2080,68,0.12,2026-07-17T02:06:30.000-07:00,100,29940,600,29,25,89,44820,2249,60,69.99,75,1720,65,95,60,70,0,72,27210,78,100,97,5640,84,81,99,92,16,58,2026-07-17T10:20:29.000-07:00,14940,0.07,79,17.375,5340,3420,100,78,18960,690,100,50
2026-07-18,None,1.21875,4860,31389,3309,235,96,1252,68,0.08,2026-07-18T01:49:57.000-07:00,100,23940,240,28,25,83,47460,1887,0,72.3,83,1722,78,71,66,68,0,77,28080,57,100,93,7980,83,84,100,89,16,96,2026-07-18T10:33:06.000-07:00,15960,0.13,72,17.375,6780,5940,77,74,17280,540,56,61
2026-07-20,None,1.125,6840,26698,1618,156,40,29,95,0.05,2026-07-20T02:03:32.000-07:00,100,25620,0,31,1,72,59280,26,0,71.4,80,1588,73,1,64,80,0,75,25080,30,100,99,1440,78,72,100,94,21,87,2026-07-20T09:28:30.000-07:00,13350,-0.04,71,18.0,60,5010,64,59,13230,300,58,58
2026-07-21,None,1.15625,7770,29522,2132,252,40,806,97,0.04,2026-07-21T02:16:56.000-07:00,100,28260,60,31,1,94,48480,1112,0,69.78,81,1652,78,39,59,81,0,77,27390,22,100,98,6780,82,82,100,93,15,56,2026-07-21T10:28:58.000-07:00,14880,-0.1,85,17.5,2820,3270,100,57,16350,810,99,67
2026-07-22,None,1.21875,2010,21060,3000,147,40,2050,28,-0.12,2026-07-22T02:23:01.000-07:00,100,15120,240,22,1,94,44580,2841,0,70.76,73,1692,29,82,65,74,0,57,18060,16,100,86,7740,64,45,98,86,31,65,2026-07-22T08:14:01.000-07:00,10350,-0.22,61,16.5,4260,3810,45,56,12240,810,68,66
2026-05-26,,1.15625,,,,,100,2129,,,,97,54120,300,,78,,1680,1652,0,,,1758,,112,,,0,,,99,100,,22080,,,,,,,,,,,,8220,,,94,,,,
2026-06-07,,1.15625,,,,,1,0,,,,100,8580,0,,1,,74400,7,0,,,1648,,0,,,1,,,19,95,,3420,,,,,,,,,,,,0,,,52,,,,
2026-06-13,,1.21875,,,,,40,217,,,,100,8460,0,,25,,60420,420,0,,,1718,,23,,,0,,,72,100,,15540,,,,,,,,,,,,1980,,,71,,,,
2026-07-19,,1.3125,,,,,71,3317,,,,100,6600,240,,25,,63480,2759,0,,,1832,,143,,,0,,,43,100,,7680,,,,,,,,,,,,8400,,,70,,,,
