Date,"Weight (lb)","Fat mass (lb)","Bone mass (lb)","Muscle mass (lb)","Hydration (lb)",Comments
"2026-07-08 11:58:38",148.5,50.3,4.9,93.2,64.9,
"2026-06-26 10:53:43",149.4,50.4,5,94,65.3,
"2026-06-20 11:14:43",150.6,51.8,5,93.8,65.7,
"2026-06-11 12:25:39",150.3,51.8,5,93.6,65.1,
"2026-06-06 11:17:20",151.1,51.9,5,94.2,66.2,
"2026-05-31 11:45:31",152,50.9,5.1,96,67.8,
"2026-05-30 21:39:30",152.4,51.5,5.1,95.8,67.6,
"2026-05-18 10:28:32",151.5,52.2,5,94.3,65.9,
"2026-04-29 10:28:06",150.1,51.3,5,93.8,65.5,
"2026-04-24 07:57:46",150.2,50.7,5,94.4,66.7,
"2026-04-03 11:34:23",148.5,50.7,4.9,92.9,64.9,
"2026-03-22 14:02:23",147.1,49.5,4.9,92.6,64.6,
"2026-02-20 11:58:14",147.9,50.4,4.9,92.5,64.5,
"2026-01-19 09:57:07",149,50.1,5,93.9,65.6,
"2026-01-14 12:43:26",150.3,51.5,5,93.8,65.9,
"2025-12-26 11:42:01",149.3,50.7,5,93.7,65.4,
"2025-12-22 11:11:06",150,50.6,5,94.4,66,
"2025-12-12 11:57:23",149.8,51.1,5,93.7,65.4,
"2025-12-02 11:00:26",151,52.5,4.9,93.5,64.9,
"2025-11-27 12:25:20",151,52.8,4.9,93.3,64.9,
"2025-11-13 10:36:54",152.8,52.3,5,95.4,66.8,
"2025-11-01 11:48:59",152.2,51.9,5,95.3,67.1,
"2025-10-03 11:20:15",152.7,52.9,5,94.8,66.1,
"2025-09-12 09:47:40",153.7,52.1,5.1,96.5,67.6,
"2025-08-14 11:35:10",152.4,53.4,5,94,65.6,
"2025-08-13 10:54:37",152.7,53.6,5,94,65.4,
"2025-08-10 12:26:58",151.5,51.6,5,94.9,66.1,
"2025-08-02 12:33:11",152.1,52.5,5,94.6,65.5,
"2025-07-25 10:20:16",152.1,53.3,5,93.9,65.3,
"2025-07-23 10:16:16",152.5,52.3,5,95.1,66.2,
"2025-07-17 09:55:48",152.7,51.9,5.1,95.7,67.1,
"2025-07-15 09:21:51",152.8,53.3,5,94.5,65.9,
"2025-07-14 10:12:00",154.1,53.8,5,95.2,67,
"2025-06-28 13:40:38",153.8,53.6,5,95.1,66.1,
"2025-06-26 11:42:10",153.5,51.7,5.1,96.6,68,
"2025-06-19 11:38:39",153.3,53.2,5,95.1,66,
"2025-06-19 11:35:17",154.1,53.2,5.1,95.8,66.5,
"2025-06-06 08:07:06",153.4,53.8,5,94.5,66.6,
"2025-06-05 11:13:36",154.1,52.9,5.1,96.1,67.2,
"2025-05-31 11:26:46",154.2,54,5,95.1,66.1,
"2025-05-21 11:34:22",155.5,54.7,5.1,95.7,67.1,
"2025-05-15 10:11:08",155.1,53.8,5.1,96.2,68,
"2025-05-08 10:24:52",156.6,55.3,5.1,96.2,67.3,
"2025-04-30 10:14:16",156.2,54.7,5.1,96.4,67.5,
"2025-04-24 11:03:36",155.7,54.7,5.1,95.9,67.1,
"2025-04-22 10:17:33",156.8,55,5.1,96.6,67.9,
"2025-04-21 10:48:41",156.9,55.7,5.1,96.1,67.5,
"2025-04-20 11:57:14",156.5,55.9,5,95.5,66.4,
"2025-03-30 18:50:49",154,52.7,5.1,96.2,67.7,
"2025-03-18 18:51:17",153.4,52.7,5.1,95.7,68,
"2025-03-11 18:45:32",154.5,54.1,5,95.3,67.4,
"2025-03-08 17:50:20",152.9,52.8,5,95,66.6,
"2025-03-07 15:11:20",153.9,53.5,5.1,95.3,67.5,
"2025-03-03 17:43:45",152.6,52.8,5,94.7,66.4,
"2025-02-21 11:12:34",153.1,52.9,5,95.1,66.8,
"2025-02-16 10:32:43",153.1,53.9,5,94.2,65.8,
"2025-02-14 09:42:42",154,54.1,5,94.8,66.3,
"2025-02-09 11:40:12",153.6,53.5,5,95,66.4,
"2025-02-08 10:44:12",154.3,53.7,5,95.4,66.9,
"2025-02-01 10:21:28",153.2,53.1,5,95,66.7,
"2025-01-23 09:16:47",152,53.2,5,93.9,65.7,
"2025-01-18 05:45:56",150.9,52.4,4.9,93.5,65,
"2025-01-17 06:49:47",151,52.6,4.9,93.4,65.1,
"2025-01-16 06:36:17",152,53,5,93.9,64.9,
"2025-01-13 08:12:07",154.1,52.4,5.1,96.5,69.1,
"2024-12-16 10:42:14",150.8,52.3,4.9,93.5,65.3,
"2024-12-14 12:09:14",152.3,53.5,5,93.7,65.5,
"2024-12-11 10:49:12",151.8,51.3,5,95.3,66.8,
"2024-12-08 12:18:13",151.6,53,5,93.6,65.1,
"2024-11-12 09:53:19",148.5,50.7,4.9,92.9,65.1,
"2024-10-18 11:38:26",147.7,49.8,4.9,92.9,65.1,
"2024-10-02 10:21:09",148.8,51,4.9,92.9,64.9,
"2024-09-25 10:55:18",149.6,51.6,4.9,93.1,64.9,
"2024-09-19 12:02:15",148,50.4,4.9,92.7,64.7,
"2024-09-08 11:21:01",148,50.5,4.9,92.5,64.5,
"2024-09-04 11:00:23",148.6,50.4,4.9,93.2,65.6,
"2024-09-01 13:30:55",148.9,50.3,5,93.6,65.1,
"2024-08-31 12:09:12",149.2,50.2,5,94,65.8,
"2024-08-27 09:41:42",149.1,51,4.9,93.1,65,
"2024-08-25 11:43:53",149.8,51.3,5,93.6,65.9,
"2024-08-20 11:08:38",148.2,50.4,4.9,92.9,64.9,
"2024-08-18 12:05:50",149.4,51.5,4.9,93,64.8,
"2024-08-14 11:57:16",148.7,50.3,4.9,93.5,65.3,
"2024-08-13 10:18:25",149.4,51.4,4.9,93,65.1,
"2024-07-30 12:20:12",148.6,51.5,4.9,92.2,64.2,
"2024-07-27 12:40:12",148.5,50.2,4.9,93.3,65.2,
"2024-07-26 10:43:54",148.5,50.2,4.9,93.3,65.4,
"2024-07-16 10:48:04",148.4,50.3,4.9,93.1,65.5,
"2024-07-12 11:16:31",148.5,50.4,4.9,93.2,65.6,
"2024-07-11 11:57:27",148.5,50.4,4.9,93.1,65.3,
"2024-07-07 12:07:28",148,50,4.9,93.1,65.4,
"2024-04-22 11:59:12",149.3,50.7,5,93.6,65.9,
"2024-04-15 10:08:42",148.6,50.7,4.9,92.9,65.2,
"2024-04-08 14:11:35",148.7,50,5,93.8,66,
"2024-03-24 15:28:35",148.5,50.9,4.9,92.6,64.9,
"2024-03-24 15:27:59",148.6,50.6,4.9,93,65,
"2024-03-22 15:10:36",148.7,49.8,5,93.8,65.8,
"2024-03-20 19:19:26",148.8,49.6,5,94.2,67.2,
"2024-03-18 15:01:37",149,49.1,5,94.9,66.7,
"2024-03-16 19:04:11",149.4,49.4,5,94.9,66.9,
"2024-03-13 15:57:55",150.2,49.8,5,95.3,66.9,
"2024-03-12 16:42:03",149.5,49.3,5,95.1,67.2,
"2024-03-10 12:24:08",142.4,43.8,5,93.6,66,
"2024-02-14 10:53:04",141.6,46.3,4.8,90.4,63.7,
"2024-02-13 11:38:27",140.9,43.5,4.9,92.5,65.7,
"2024-02-10 12:35:13",140.2,44.8,4.8,90.6,63.6,
"2024-01-28 12:06:02",140.7,,,,,
"2024-01-24 12:00:36",141,44.4,4.9,91.7,64.7,
"2024-01-23 11:50:09",139.9,43.2,4.9,91.8,64.8,
"2024-01-22 10:38:32",140.9,42.8,4.9,93.1,66,
"2024-01-20 10:50:45",140.1,43.4,4.9,91.8,64.8,
"2024-01-18 11:11:56",139.4,43.4,4.8,91.1,64,
"2024-01-17 10:52:02",139.6,41.8,4.9,92.9,65.7,
"2024-01-16 10:10:42",139.3,42.5,4.9,91.9,65.1,
"2024-01-15 14:09:27",140.4,44.6,4.8,90.9,64.6,
"2024-01-14 10:01:30",139,42.6,4.9,91.5,64.7,
"2024-01-13 10:27:57",138.2,43,4.8,90.4,63.9,
"2024-01-12 10:23:54",137.8,41.7,4.8,91.3,64.1,
"2024-01-11 09:29:16",138.7,43.3,4.8,90.5,63.7,
"2024-01-09 10:11:05",139.5,44.3,4.8,90.4,64.2,
"2024-01-08 12:44:37",139.4,43.1,4.9,91.4,65.4,
"2023-11-29 14:44:12",141.2,,,,,
"2023-08-11 17:05:40",123,,,,,
"2023-08-09 00:00:00",123,,,,,
"2023-07-24 16:15:59",132,,,,,
