Cycle start time,Cycle end time,Cycle timezone,Sleep onset,Wake onset,Sleep performance %,Respiratory rate (rpm),Asleep duration (min),In bed duration (min),Light sleep duration (min),Deep (SWS) duration (min),REM duration (min),Awake duration (min),Sleep need (min),Sleep debt (min),Sleep efficiency %,Sleep consistency %,Nap
2026-07-22 02:25:47,,UTC-07:00,2026-07-22 02:25:47,2026-07-22 07:48:14,76,16.9,308,322,196,86,26,14,501,48,95,76,false
2026-07-21 02:20:37,2026-07-22 02:25:47,UTC-07:00,2026-07-21 02:20:37,2026-07-21 10:26:06,81,17.1,402,485,263,72,67,83,500,50,83,88,false
2026-07-20 02:04:26,2026-07-21 02:20:37,UTC-07:00,2026-07-20 02:04:26,2026-07-20 09:22:52,89,17.6,402,438,233,80,89,33,480,25,92,87,false
2026-07-18 01:53:30,2026-07-19 01:53:30,UTC-07:00,2026-07-18 01:53:30,2026-07-18 10:28:31,89,17.2,448,515,282,81,85,67,487,34,87,91,false
2026-07-17 02:12:39,2026-07-18 01:53:30,UTC-07:00,2026-07-17 02:12:39,2026-07-17 10:11:36,88,17.1,423,478,303,84,36,55,476,23,88,88,false
2026-07-16 02:22:04,2026-07-17 02:12:39,UTC-07:00,2026-07-16 02:22:04,2026-07-16 10:11:35,83,17.3,410,469,271,76,63,59,457,7,87,77,false
2026-07-15 02:07:03,2026-07-16 02:22:04,UTC-07:00,2026-07-15 02:07:03,2026-07-15 10:07:01,86,16.9,439,479,251,104,84,40,450,0,91,71,false
2026-07-14 01:22:47,2026-07-15 02:07:03,UTC-07:00,2026-07-14 01:22:47,2026-07-14 10:45:49,83,16.9,497,563,341,92,64,66,471,10,88,68,false
2026-07-12 23:20:04,2026-07-14 01:22:47,UTC-07:00,2026-07-12 23:20:04,2026-07-13 07:23:08,80,17.1,445,483,320,62,63,38,466,15,92,51,false
2026-07-12 01:31:55,2026-07-12 23:20:04,UTC-07:00,2026-07-12 01:31:55,2026-07-12 10:49:27,85,16.8,491,557,305,112,74,66,522,66,88,79,false
2026-07-11 03:03:16,2026-07-12 01:31:55,UTC-07:00,2026-07-11 03:03:16,2026-07-11 10:12:46,79,16.9,359,429,249,77,33,70,491,39,83,84,false
2026-07-10 02:54:57,2026-07-11 03:03:16,UTC-07:00,2026-07-10 02:54:57,2026-07-10 10:18:55,80,16.5,379,443,262,77,40,62,457,7,85,76,false
2026-07-09 01:24:20,2026-07-10 02:54:57,UTC-07:00,2026-07-09 01:24:20,2026-07-09 09:39:20,89,16.6,440,494,318,74,48,54,452,0,89,81,false
2026-07-08 01:34:42,2026-07-09 01:24:20,UTC-07:00,2026-07-08 01:34:42,2026-07-08 10:20:12,89,16.9,461,525,298,92,71,64,450,0,88,81,false
2026-07-07 00:17:47,2026-07-08 01:34:42,UTC-07:00,2026-07-07 00:17:47,2026-07-07 10:06:45,77,16.9,547,588,361,85,101,39,465,13,93,69,false
2026-07-06 03:15:23,2026-07-07 00:17:47,UTC-07:00,2026-07-06 03:15:23,2026-07-06 11:01:21,83,16.5,425,465,274,79,72,40,452,0,91,69,false
2026-07-05 01:47:57,2026-07-06 03:15:23,UTC-07:00,2026-07-05 01:47:57,2026-07-05 10:11:55,95,16.0,481,503,303,98,80,22,452,0,96,84,false
2026-07-04 00:54:59,2026-07-05 01:47:57,UTC-07:00,2026-07-04 00:54:59,2026-07-04 09:16:25,88,16.6,473,501,354,70,49,26,451,1,94,78,false
2026-07-03 02:05:40,2026-07-04 00:54:59,UTC-07:00,2026-07-03 02:05:40,2026-07-03 10:21:08,91,16.9,447,495,235,100,112,48,450,0,90,80,false
2026-07-02 01:03:53,2026-07-03 02:05:40,UTC-07:00,2026-07-02 01:03:53,2026-07-02 11:13:55,92,16.8,569,610,401,101,67,41,450,0,93,82,false
2026-07-01 01:20:58,2026-07-02 01:03:53,UTC-07:00,2026-07-01 01:20:58,2026-07-01 09:38:57,96,16.6,468,497,349,63,56,29,462,10,94,86,false
2026-06-30 01:14:09,2026-07-01 01:20:58,UTC-07:00,2026-06-30 01:14:09,2026-06-30 10:55:50,78,16.7,464,581,320,92,52,94,484,32,79,80,false
2026-06-29 01:27:34,2026-06-30 01:14:09,UTC-07:00,2026-06-29 01:27:34,2026-06-29 09:07:35,85,16.9,405,460,271,65,69,55,470,0,89,83,false
2026-06-28 00:48:26,2026-06-29 01:27:34,UTC-07:00,2026-06-28 00:48:26,2026-06-28 10:27:27,91,16.8,512,579,369,95,48,67,452,0,88,86,false
2026-06-27 00:39:04,2026-06-28 00:48:26,UTC-07:00,2026-06-27 00:39:04,2026-06-27 09:31:40,92,17.2,468,532,298,63,107,64,463,11,87,86,false
2026-06-26 01:12:00,2026-06-27 00:39:04,UTC-07:00,2026-06-26 01:12:00,2026-06-26 09:26:20,90,17.1,436,494,274,101,61,51,453,0,88,86,false
2026-06-25 01:05:23,2026-06-26 01:12:00,UTC-07:00,2026-06-25 01:05:23,2026-06-25 10:12:20,94,16.9,485,546,323,111,51,54,461,9,88,85,false
2026-06-24 01:59:45,2026-06-25 01:05:23,UTC-07:00,2026-06-24 01:59:45,2026-06-24 10:09:47,86,17.3,432,490,283,74,75,50,451,1,88,78,false
2026-06-23 00:48:57,2026-06-24 01:59:45,UTC-07:00,2026-06-23 00:48:57,2026-06-23 10:04:28,90,16.9,506,555,343,85,78,49,508,56,91,79,false
2026-06-22 01:25:57,2026-06-23 00:48:57,UTC-07:00,2026-06-22 01:25:57,2026-06-22 07:28:16,81,16.9,340,362,182,116,42,12,452,0,93,72,false
2026-06-21 00:53:19,2026-06-22 01:25:57,UTC-07:00,2026-06-21 00:53:19,2026-06-21 10:05:49,87,16.6,491,552,325,115,51,61,455,0,89,,false
2026-06-20 01:41:18,2026-06-21 00:53:19,UTC-07:00,2026-06-20 01:41:18,2026-06-20 10:30:19,100,16.5,496,529,340,116,40,33,488,0,93,,false
